--
-- File generated with SQLiteStudio v3.4.4 on Mon Dec 11 00:40:36 2023
--
-- Text encoding used: UTF-8
--
PRAGMA foreign_keys = off;
BEGIN TRANSACTION;

-- Table: Customers
CREATE TABLE IF NOT EXISTS Customers (CustomerID INTEGER PRIMARY KEY, CustomerName TEXT, Phone TEXT, Adress TEXT, City TEXT, State TEXT, Zip INTEGER, Country TEXT, Notes TEXT);
INSERT INTO Customers (CustomerID, CustomerName, Phone, Adress, City, State, Zip, Country, Notes) VALUES (1, 'Tres Delicious', '999-999-9999', '123 Main Street', 'Seattle', 'WA', 98112, 'United States', 'High maintenance, not sure if it''s worth having them as a customer, but don''t tell them that!');
INSERT INTO Customers (CustomerID, CustomerName, Phone, Adress, City, State, Zip, Country, Notes) VALUES (2, 'ABC Groceries', '801-583-8695', '3215 Tori Lane', 'Salt Lake City', 'UT', 84113, 'United States', 'Friendly but a little old school. Talks way too much, set a time limit on calls.');
INSERT INTO Customers (CustomerID, CustomerName, Phone, Adress, City, State, Zip, Country, Notes) VALUES (3, 'ACME Bites', '920-419-6270', '4660 Sycamore Lake Road', 'Green Bay', 'WI', 54303, 'United States', 'One of our best customers! Likes to talk about roses. Make sure to read all about roses on Wikipedia before meeting.');
INSERT INTO Customers (CustomerID, CustomerName, Phone, Adress, City, State, Zip, Country, Notes) VALUES (4, 'Wholesome Foods', '347-789-7688', '1521 Redbud Drive', 'Huntington', 'NY', 11743, 'United States', 'CEO has three kids, first one is Charles, don''t know the rest. CEO cares about Charles the most, so all good.');
INSERT INTO Customers (CustomerID, CustomerName, Phone, Adress, City, State, Zip, Country, Notes) VALUES (5, 'Park & Shop Convenience Stores', '251-655-2909', '2217 Lonely Oak Drive', 'Mobile', 'AL', 36602, 'United States', 'New customer, make sure to please them! Very frugal, so reinforce how delicious AND inexpensive our cookies are.');
INSERT INTO Customers (CustomerID, CustomerName, Phone, Adress, City, State, Zip, Country, Notes) VALUES (6, 'Tres Delicious', '999-999-9999', '123 Main Street', 'Orlando', 'FL', 45853, 'United States', 'East coast headquarters of Tres Delicious.');

-- Table: Order_Product
CREATE TABLE IF NOT EXISTS Order_Product (
OrderID INTEGER,
CookieID INTEGER,
Quantity REAL
);
INSERT INTO Order_Product (OrderID, CookieID, Quantity) VALUES (1, 1, 229.0);
INSERT INTO Order_Product (OrderID, CookieID, Quantity) VALUES (2, 4, 49.0);
INSERT INTO Order_Product (OrderID, CookieID, Quantity) VALUES (3, 1, 82.0);
INSERT INTO Order_Product (OrderID, CookieID, Quantity) VALUES (4, 4, 82.0);
INSERT INTO Order_Product (OrderID, CookieID, Quantity) VALUES (5, 5, 11.0);
INSERT INTO Order_Product (OrderID, CookieID, Quantity) VALUES (6, 1, 214.0);
INSERT INTO Order_Product (OrderID, CookieID, Quantity) VALUES (7, 2, 210.0);
INSERT INTO Order_Product (OrderID, CookieID, Quantity) VALUES (8, 2, 114.0);
INSERT INTO Order_Product (OrderID, CookieID, Quantity) VALUES (9, 2, 226.0);
INSERT INTO Order_Product (OrderID, CookieID, Quantity) VALUES (10, 2, 39.0);
INSERT INTO Order_Product (OrderID, CookieID, Quantity) VALUES (11, 6, 65.0);
INSERT INTO Order_Product (OrderID, CookieID, Quantity) VALUES (12, 1, 171.0);
INSERT INTO Order_Product (OrderID, CookieID, Quantity) VALUES (13, 2, 193.0);
INSERT INTO Order_Product (OrderID, CookieID, Quantity) VALUES (14, 3, 78.0);
INSERT INTO Order_Product (OrderID, CookieID, Quantity) VALUES (15, 5, 48.0);
INSERT INTO Order_Product (OrderID, CookieID, Quantity) VALUES (16, 6, 129.0);
INSERT INTO Order_Product (OrderID, CookieID, Quantity) VALUES (17, 5, 199.0);
INSERT INTO Order_Product (OrderID, CookieID, Quantity) VALUES (18, 3, 183.0);
INSERT INTO Order_Product (OrderID, CookieID, Quantity) VALUES (19, 6, 235.0);
INSERT INTO Order_Product (OrderID, CookieID, Quantity) VALUES (20, 3, 147.0);
INSERT INTO Order_Product (OrderID, CookieID, Quantity) VALUES (21, 2, 74.0);
INSERT INTO Order_Product (OrderID, CookieID, Quantity) VALUES (22, 2, 141.0);
INSERT INTO Order_Product (OrderID, CookieID, Quantity) VALUES (23, 1, 132.0);
INSERT INTO Order_Product (OrderID, CookieID, Quantity) VALUES (24, 5, 122.0);
INSERT INTO Order_Product (OrderID, CookieID, Quantity) VALUES (25, 2, 239.0);
INSERT INTO Order_Product (OrderID, CookieID, Quantity) VALUES (26, 2, 171.0);
INSERT INTO Order_Product (OrderID, CookieID, Quantity) VALUES (27, 1, 179.0);
INSERT INTO Order_Product (OrderID, CookieID, Quantity) VALUES (28, 6, 168.0);
INSERT INTO Order_Product (OrderID, CookieID, Quantity) VALUES (29, 4, 80.0);
INSERT INTO Order_Product (OrderID, CookieID, Quantity) VALUES (30, 5, 152.0);
INSERT INTO Order_Product (OrderID, CookieID, Quantity) VALUES (31, 1, 151.0);
INSERT INTO Order_Product (OrderID, CookieID, Quantity) VALUES (32, 3, 128.0);
INSERT INTO Order_Product (OrderID, CookieID, Quantity) VALUES (33, 5, 202.0);
INSERT INTO Order_Product (OrderID, CookieID, Quantity) VALUES (34, 2, 196.0);
INSERT INTO Order_Product (OrderID, CookieID, Quantity) VALUES (35, 5, 113.0);
INSERT INTO Order_Product (OrderID, CookieID, Quantity) VALUES (36, 1, 116.0);
INSERT INTO Order_Product (OrderID, CookieID, Quantity) VALUES (37, 1, 136.0);
INSERT INTO Order_Product (OrderID, CookieID, Quantity) VALUES (38, 1, 137.0);
INSERT INTO Order_Product (OrderID, CookieID, Quantity) VALUES (39, 4, 14.0);
INSERT INTO Order_Product (OrderID, CookieID, Quantity) VALUES (40, 4, 13.0);
INSERT INTO Order_Product (OrderID, CookieID, Quantity) VALUES (41, 1, 48.0);
INSERT INTO Order_Product (OrderID, CookieID, Quantity) VALUES (42, 2, 123.0);
INSERT INTO Order_Product (OrderID, CookieID, Quantity) VALUES (43, 3, 125.0);
INSERT INTO Order_Product (OrderID, CookieID, Quantity) VALUES (44, 2, 155.0);
INSERT INTO Order_Product (OrderID, CookieID, Quantity) VALUES (45, 6, 144.0);
INSERT INTO Order_Product (OrderID, CookieID, Quantity) VALUES (46, 2, 177.0);
INSERT INTO Order_Product (OrderID, CookieID, Quantity) VALUES (47, 4, 132.0);
INSERT INTO Order_Product (OrderID, CookieID, Quantity) VALUES (48, 3, 131.0);
INSERT INTO Order_Product (OrderID, CookieID, Quantity) VALUES (49, 4, 147.0);
INSERT INTO Order_Product (OrderID, CookieID, Quantity) VALUES (50, 6, 30.0);
INSERT INTO Order_Product (OrderID, CookieID, Quantity) VALUES (2, 6, 128.0);
INSERT INTO Order_Product (OrderID, CookieID, Quantity) VALUES (20, 1, 244.0);
INSERT INTO Order_Product (OrderID, CookieID, Quantity) VALUES (27, 6, 66.0);
INSERT INTO Order_Product (OrderID, CookieID, Quantity) VALUES (31, 3, 229.0);
INSERT INTO Order_Product (OrderID, CookieID, Quantity) VALUES (47, 6, 45.0);
INSERT INTO Order_Product (OrderID, CookieID, Quantity) VALUES (5, 1, 46.0);
INSERT INTO Order_Product (OrderID, CookieID, Quantity) VALUES (12, 5, 197.0);
INSERT INTO Order_Product (OrderID, CookieID, Quantity) VALUES (17, 3, 63.0);
INSERT INTO Order_Product (OrderID, CookieID, Quantity) VALUES (25, 3, 42.0);
INSERT INTO Order_Product (OrderID, CookieID, Quantity) VALUES (28, 4, 134.0);
INSERT INTO Order_Product (OrderID, CookieID, Quantity) VALUES (30, 1, 169.0);
INSERT INTO Order_Product (OrderID, CookieID, Quantity) VALUES (34, 1, 200.0);
INSERT INTO Order_Product (OrderID, CookieID, Quantity) VALUES (35, 3, 34.0);
INSERT INTO Order_Product (OrderID, CookieID, Quantity) VALUES (37, 5, 245.0);
INSERT INTO Order_Product (OrderID, CookieID, Quantity) VALUES (39, 6, 173.0);
INSERT INTO Order_Product (OrderID, CookieID, Quantity) VALUES (40, 3, 87.0);
INSERT INTO Order_Product (OrderID, CookieID, Quantity) VALUES (5, 6, 51.0);
INSERT INTO Order_Product (OrderID, CookieID, Quantity) VALUES (12, 2, 234.0);
INSERT INTO Order_Product (OrderID, CookieID, Quantity) VALUES (16, 4, 56.0);
INSERT INTO Order_Product (OrderID, CookieID, Quantity) VALUES (25, 4, 166.0);
INSERT INTO Order_Product (OrderID, CookieID, Quantity) VALUES (28, 5, 172.0);
INSERT INTO Order_Product (OrderID, CookieID, Quantity) VALUES (30, 4, 204.0);
INSERT INTO Order_Product (OrderID, CookieID, Quantity) VALUES (35, 4, 164.0);
INSERT INTO Order_Product (OrderID, CookieID, Quantity) VALUES (1, 2, 160.0);
INSERT INTO Order_Product (OrderID, CookieID, Quantity) VALUES (4, 3, 25.0);
INSERT INTO Order_Product (OrderID, CookieID, Quantity) VALUES (6, 3, 24.0);
INSERT INTO Order_Product (OrderID, CookieID, Quantity) VALUES (15, 3, 109.0);
INSERT INTO Order_Product (OrderID, CookieID, Quantity) VALUES (23, 4, 27.0);
INSERT INTO Order_Product (OrderID, CookieID, Quantity) VALUES (36, 4, 127.0);
INSERT INTO Order_Product (OrderID, CookieID, Quantity) VALUES (44, 5, 239.0);
INSERT INTO Order_Product (OrderID, CookieID, Quantity) VALUES (1, 5, 30.0);
INSERT INTO Order_Product (OrderID, CookieID, Quantity) VALUES (4, 2, 209.0);
INSERT INTO Order_Product (OrderID, CookieID, Quantity) VALUES (15, 2, 99.0);
INSERT INTO Order_Product (OrderID, CookieID, Quantity) VALUES (33, 3, 103.0);
INSERT INTO Order_Product (OrderID, CookieID, Quantity) VALUES (36, 5, 101.0);
INSERT INTO Order_Product (OrderID, CookieID, Quantity) VALUES (1, 3, 84.0);
INSERT INTO Order_Product (OrderID, CookieID, Quantity) VALUES (4, 5, 25.0);
INSERT INTO Order_Product (OrderID, CookieID, Quantity) VALUES (6, 6, 66.0);
INSERT INTO Order_Product (OrderID, CookieID, Quantity) VALUES (15, 1, 61.0);
INSERT INTO Order_Product (OrderID, CookieID, Quantity) VALUES (23, 6, 168.0);
INSERT INTO Order_Product (OrderID, CookieID, Quantity) VALUES (33, 6, 173.0);
INSERT INTO Order_Product (OrderID, CookieID, Quantity) VALUES (44, 4, 20.0);
INSERT INTO Order_Product (OrderID, CookieID, Quantity) VALUES (3, 5, 180.0);
INSERT INTO Order_Product (OrderID, CookieID, Quantity) VALUES (9, 4, 99.0);
INSERT INTO Order_Product (OrderID, CookieID, Quantity) VALUES (11, 4, 235.0);
INSERT INTO Order_Product (OrderID, CookieID, Quantity) VALUES (13, 4, 225.0);
INSERT INTO Order_Product (OrderID, CookieID, Quantity) VALUES (14, 6, 26.0);
INSERT INTO Order_Product (OrderID, CookieID, Quantity) VALUES (32, 1, 93.0);
INSERT INTO Order_Product (OrderID, CookieID, Quantity) VALUES (42, 4, 217.0);
INSERT INTO Order_Product (OrderID, CookieID, Quantity) VALUES (46, 4, 66.0);
INSERT INTO Order_Product (OrderID, CookieID, Quantity) VALUES (3, 6, 18.0);
INSERT INTO Order_Product (OrderID, CookieID, Quantity) VALUES (11, 2, 53.0);
INSERT INTO Order_Product (OrderID, CookieID, Quantity) VALUES (13, 1, 201.0);
INSERT INTO Order_Product (OrderID, CookieID, Quantity) VALUES (14, 2, 227.0);
INSERT INTO Order_Product (OrderID, CookieID, Quantity) VALUES (22, 5, 241.0);
INSERT INTO Order_Product (OrderID, CookieID, Quantity) VALUES (24, 6, 214.0);
INSERT INTO Order_Product (OrderID, CookieID, Quantity) VALUES (32, 4, 122.0);
INSERT INTO Order_Product (OrderID, CookieID, Quantity) VALUES (42, 5, 120.0);
INSERT INTO Order_Product (OrderID, CookieID, Quantity) VALUES (3, 3, 202.0);
INSERT INTO Order_Product (OrderID, CookieID, Quantity) VALUES (9, 1, 119.0);
INSERT INTO Order_Product (OrderID, CookieID, Quantity) VALUES (22, 3, 176.0);
INSERT INTO Order_Product (OrderID, CookieID, Quantity) VALUES (24, 2, 179.0);
INSERT INTO Order_Product (OrderID, CookieID, Quantity) VALUES (3, 2, 170.0);
INSERT INTO Order_Product (OrderID, CookieID, Quantity) VALUES (9, 3, 153.0);
INSERT INTO Order_Product (OrderID, CookieID, Quantity) VALUES (13, 3, 239.0);
INSERT INTO Order_Product (OrderID, CookieID, Quantity) VALUES (32, 6, 209.0);
INSERT INTO Order_Product (OrderID, CookieID, Quantity) VALUES (46, 5, 69.0);
INSERT INTO Order_Product (OrderID, CookieID, Quantity) VALUES (8, 5, 106.0);
INSERT INTO Order_Product (OrderID, CookieID, Quantity) VALUES (29, 5, 94.0);
INSERT INTO Order_Product (OrderID, CookieID, Quantity) VALUES (43, 1, 209.0);
INSERT INTO Order_Product (OrderID, CookieID, Quantity) VALUES (45, 4, 168.0);
INSERT INTO Order_Product (OrderID, CookieID, Quantity) VALUES (8, 6, 178.0);
INSERT INTO Order_Product (OrderID, CookieID, Quantity) VALUES (29, 3, 96.0);
INSERT INTO Order_Product (OrderID, CookieID, Quantity) VALUES (8, 3, 36.0);
INSERT INTO Order_Product (OrderID, CookieID, Quantity) VALUES (29, 6, 17.0);
INSERT INTO Order_Product (OrderID, CookieID, Quantity) VALUES (43, 6, 186.0);
INSERT INTO Order_Product (OrderID, CookieID, Quantity) VALUES (8, 4, 186.0);
INSERT INTO Order_Product (OrderID, CookieID, Quantity) VALUES (43, 4, 18.0);
INSERT INTO Order_Product (OrderID, CookieID, Quantity) VALUES (45, 5, 224.0);
INSERT INTO Order_Product (OrderID, CookieID, Quantity) VALUES (29, 2, 79.0);
INSERT INTO Order_Product (OrderID, CookieID, Quantity) VALUES (43, 5, 220.0);

-- Table: Orders
CREATE TABLE IF NOT EXISTS Orders (OrderID INTEGER PRIMARY KEY, OrderDate TEXT, CustomerID INTEGER, OrderTotal REAL);
INSERT INTO Orders (OrderID, OrderDate, CustomerID, OrderTotal) VALUES (1, '2022-01-01T00:00:00Z', 5, 1815.0);
INSERT INTO Orders (OrderID, OrderDate, CustomerID, OrderTotal) VALUES (2, '2022-01-02T00:00:00Z', 5, 964.0);
INSERT INTO Orders (OrderID, OrderDate, CustomerID, OrderTotal) VALUES (3, '2022-01-04T00:00:00Z', 2, 2238.0);
INSERT INTO Orders (OrderID, OrderDate, CustomerID, OrderTotal) VALUES (4, '2022-01-06T00:00:00Z', 1, 737.0);
INSERT INTO Orders (OrderID, OrderDate, CustomerID, OrderTotal) VALUES (5, '2022-01-09T00:00:00Z', 4, 569.0);
INSERT INTO Orders (OrderID, OrderDate, CustomerID, OrderTotal) VALUES (6, '2022-01-09T00:00:00Z', 4, 1586.0);
INSERT INTO Orders (OrderID, OrderDate, CustomerID, OrderTotal) VALUES (7, '2022-01-09T00:00:00Z', 4, 210.0);
INSERT INTO Orders (OrderID, OrderDate, CustomerID, OrderTotal) VALUES (8, '2022-01-11T00:00:00Z', 5, 2424.0);
INSERT INTO Orders (OrderID, OrderDate, CustomerID, OrderTotal) VALUES (9, '2022-01-13T00:00:00Z', 2, 1982.0);
INSERT INTO Orders (OrderID, OrderDate, CustomerID, OrderTotal) VALUES (10, '2022-01-13T00:00:00Z', 4, 39.0);
INSERT INTO Orders (OrderID, OrderDate, CustomerID, OrderTotal) VALUES (11, '2022-01-15T00:00:00Z', 5, 1383.0);
INSERT INTO Orders (OrderID, OrderDate, CustomerID, OrderTotal) VALUES (12, '2022-01-19T00:00:00Z', 1, 1680.0);
INSERT INTO Orders (OrderID, OrderDate, CustomerID, OrderTotal) VALUES (13, '2022-01-20T00:00:00Z', 3, 3293.0);
INSERT INTO Orders (OrderID, OrderDate, CustomerID, OrderTotal) VALUES (14, '2022-01-21T00:00:00Z', 1, 773.0);
INSERT INTO Orders (OrderID, OrderDate, CustomerID, OrderTotal) VALUES (15, '2022-01-21T00:00:00Z', 3, 1093.0);
INSERT INTO Orders (OrderID, OrderDate, CustomerID, OrderTotal) VALUES (16, '2022-01-21T00:00:00Z', 2, 998.0);
INSERT INTO Orders (OrderID, OrderDate, CustomerID, OrderTotal) VALUES (17, '2022-01-23T00:00:00Z', 3, 912.0);
INSERT INTO Orders (OrderID, OrderDate, CustomerID, OrderTotal) VALUES (18, '2022-01-24T00:00:00Z', 4, 915.0);
INSERT INTO Orders (OrderID, OrderDate, CustomerID, OrderTotal) VALUES (19, '2022-01-27T00:00:00Z', 2, 1410.0);
INSERT INTO Orders (OrderID, OrderDate, CustomerID, OrderTotal) VALUES (20, '2022-02-01T00:00:00Z', 2, 1955.0);
INSERT INTO Orders (OrderID, OrderDate, CustomerID, OrderTotal) VALUES (21, '2022-02-05T00:00:00Z', 5, 74.0);
INSERT INTO Orders (OrderID, OrderDate, CustomerID, OrderTotal) VALUES (22, '2022-02-05T00:00:00Z', 4, 1744.0);
INSERT INTO Orders (OrderID, OrderDate, CustomerID, OrderTotal) VALUES (23, '2022-02-06T00:00:00Z', 2, 1776.0);
INSERT INTO Orders (OrderID, OrderDate, CustomerID, OrderTotal) VALUES (24, '2022-02-06T00:00:00Z', 3, 1829.0);
INSERT INTO Orders (OrderID, OrderDate, CustomerID, OrderTotal) VALUES (25, '2022-02-07T00:00:00Z', 4, 1113.0);
INSERT INTO Orders (OrderID, OrderDate, CustomerID, OrderTotal) VALUES (26, '2022-02-08T00:00:00Z', 3, 171.0);
INSERT INTO Orders (OrderID, OrderDate, CustomerID, OrderTotal) VALUES (27, '2022-02-09T00:00:00Z', 3, 1291.0);
INSERT INTO Orders (OrderID, OrderDate, CustomerID, OrderTotal) VALUES (28, '2022-02-11T00:00:00Z', 4, 2060.0);
INSERT INTO Orders (OrderID, OrderDate, CustomerID, OrderTotal) VALUES (29, '2022-02-11T00:00:00Z', 5, 1263.0);
INSERT INTO Orders (OrderID, OrderDate, CustomerID, OrderTotal) VALUES (30, '2022-02-12T00:00:00Z', 1, 2117.0);
INSERT INTO Orders (OrderID, OrderDate, CustomerID, OrderTotal) VALUES (31, '2022-02-13T00:00:00Z', 2, 1900.0);
INSERT INTO Orders (OrderID, OrderDate, CustomerID, OrderTotal) VALUES (32, '2022-02-16T00:00:00Z', 5, 2847.0);
INSERT INTO Orders (OrderID, OrderDate, CustomerID, OrderTotal) VALUES (33, '2022-02-17T00:00:00Z', 3, 2159.0);
INSERT INTO Orders (OrderID, OrderDate, CustomerID, OrderTotal) VALUES (34, '2022-02-18T00:00:00Z', 2, 1196.0);
INSERT INTO Orders (OrderID, OrderDate, CustomerID, OrderTotal) VALUES (35, '2022-02-21T00:00:00Z', 5, 1165.0);
INSERT INTO Orders (OrderID, OrderDate, CustomerID, OrderTotal) VALUES (36, '2022-02-25T00:00:00Z', 4, 1391.0);
INSERT INTO Orders (OrderID, OrderDate, CustomerID, OrderTotal) VALUES (37, '2022-02-25T00:00:00Z', 2, 1415.0);
INSERT INTO Orders (OrderID, OrderDate, CustomerID, OrderTotal) VALUES (38, '2022-02-26T00:00:00Z', 1, 685.0);
INSERT INTO Orders (OrderID, OrderDate, CustomerID, OrderTotal) VALUES (39, '2022-02-26T00:00:00Z', 5, 1094.0);
INSERT INTO Orders (OrderID, OrderDate, CustomerID, OrderTotal) VALUES (40, '2022-02-28T00:00:00Z', 1, 487.0);
INSERT INTO Orders (OrderID, OrderDate, CustomerID, OrderTotal) VALUES (41, '2022-02-28T00:00:00Z', 5, 240.0);
INSERT INTO Orders (OrderID, OrderDate, CustomerID, OrderTotal) VALUES (42, '2022-03-07T00:00:00Z', 1, 1351.0);
INSERT INTO Orders (OrderID, OrderDate, CustomerID, OrderTotal) VALUES (43, '2022-03-07T00:00:00Z', 5, 3518.0);
INSERT INTO Orders (OrderID, OrderDate, CustomerID, OrderTotal) VALUES (44, '2022-03-07T00:00:00Z', 3, 952.0);
INSERT INTO Orders (OrderID, OrderDate, CustomerID, OrderTotal) VALUES (45, '2022-03-08T00:00:00Z', 3, 2208.0);
INSERT INTO Orders (OrderID, OrderDate, CustomerID, OrderTotal) VALUES (46, '2022-03-09T00:00:00Z', 5, 648.0);
INSERT INTO Orders (OrderID, OrderDate, CustomerID, OrderTotal) VALUES (47, '2022-03-10T00:00:00Z', 3, 798.0);
INSERT INTO Orders (OrderID, OrderDate, CustomerID, OrderTotal) VALUES (48, '2022-03-12T00:00:00Z', 4, 655.0);
INSERT INTO Orders (OrderID, OrderDate, CustomerID, OrderTotal) VALUES (49, '2022-03-13T00:00:00Z', 1, 588.0);
INSERT INTO Orders (OrderID, OrderDate, CustomerID, OrderTotal) VALUES (50, '2022-03-14T00:00:00Z', 4, 180.0);

-- Table: Product
CREATE TABLE IF NOT EXISTS Product (CookieID INTEGER PRIMARY KEY, CookieName TEXT, RevenuePerCookie REAL, CostPerCookie REAL);
INSERT INTO Product (CookieID, CookieName, RevenuePerCookie, CostPerCookie) VALUES (1, 'Chocolate Chip', 5.0, 2.0);
INSERT INTO Product (CookieID, CookieName, RevenuePerCookie, CostPerCookie) VALUES (2, 'Fortune Cookie', 1.0, 0.5);
INSERT INTO Product (CookieID, CookieName, RevenuePerCookie, CostPerCookie) VALUES (3, 'Oatmeal Raisin', 5.0, 2.2);
INSERT INTO Product (CookieID, CookieName, RevenuePerCookie, CostPerCookie) VALUES (4, 'Snickerdoodle', 4.0, 1.5);
INSERT INTO Product (CookieID, CookieName, RevenuePerCookie, CostPerCookie) VALUES (5, 'Sugar', 3.0, 1.25);
INSERT INTO Product (CookieID, CookieName, RevenuePerCookie, CostPerCookie) VALUES (6, 'White Chocolate Macadamia Nut', 6.0, 2.75);

COMMIT TRANSACTION;
PRAGMA foreign_keys = on;
